id,first_name,last_name,email,gender,ip_address
1,Talbert,Vlahos,tvlahos0@webs.com,Male,109.83.144.90
2,Mariam,Leverentz,mleverentz1@wikimedia.org,Female,47.110.167.242
3,Alford,Jaszczak,ajaszczak2@earthlink.net,Polygender,28.24.232.124
4,Culley,Gillcrist,cgillcrist3@uol.com.br,Male,135.208.153.155
5,Miquela,Belsham,mbelsham4@ustream.tv,Female,107.208.198.104
6,Chelsie,Roundtree,croundtree5@intel.com,Female,155.50.217.157
7,Viviana,Bertram,vbertram6@unicef.org,Polygender,202.153.182.10
8,Charlton,Baverstock,cbaverstock7@princeton.edu,Male,66.246.43.227
9,Lorin,Filshin,lfilshin8@redcross.org,Male,105.180.109.38
10,Alta,Pollastrone,apollastrone9@census.gov,Female,206.61.61.33
11,Nicolette,Ruskin,nruskina@bbb.org,Female,38.91.20.186
12,Bab,Shortland,bshortlandb@utexas.edu,Female,179.125.244.226
13,Arline,Cannon,acannonc@vimeo.com,Female,218.41.19.206
14,Homere,Esche,hesched@cargocollective.com,Male,187.177.68.227
15,Ekaterina,Cordelle,ecordellee@unicef.org,Female,78.168.157.182
16,Allistir,Phillcox,aphillcoxf@engadget.com,Male,233.81.250.71
17,Shirlene,Errigo,serrigog@topsy.com,Non-binary,126.7.49.116
18,Almeta,Noraway,anorawayh@google.com,Female,195.195.66.211
19,Marijo,Doctor,mdoctori@indiegogo.com,Female,198.211.173.120
20,Nerty,Castilla,ncastillaj@skype.com,Female,204.110.197.195
21,Jerry,Yesipov,jyesipovk@vimeo.com,Female,93.5.65.134
22,Fonsie,Lello,flellol@hao123.com,Male,78.44.110.13
23,Barbi,Merigot,bmerigotm@bigcartel.com,Female,241.111.157.75
24,Kerrill,Andrusov,kandrusovn@hexun.com,Female,143.151.168.130
25,Christoph,Macartney,cmacartneyo@jigsy.com,Bigender,189.189.5.219
26,Glennie,Myrkus,gmyrkusp@weather.com,Female,198.167.0.81
27,Ford,Alforde,falfordeq@uiuc.edu,Male,182.168.97.177
28,Rubin,Dunstone,rdunstoner@linkedin.com,Male,180.32.203.46
29,Bronson,Reihm,breihms@nbcnews.com,Male,192.48.103.193
30,Benedicto,Hews,bhewst@bloglines.com,Male,73.198.179.48
31,Shay,Hands,shandsu@fc2.com,Male,251.7.111.218
32,Josh,Petett,jpetettv@hugedomains.com,Male,174.204.144.151
33,Brigitte,MacCoveney,bmaccoveneyw@delicious.com,Female,59.250.190.8
34,Norean,Teliga,nteligax@rediff.com,Female,130.237.10.55
35,Ryun,Randlesome,rrandlesomey@imageshack.us,Genderqueer,143.182.212.95
36,Marji,Jeeves,mjeevesz@hc360.com,Female,191.132.4.89
37,Ede,Claeskens,eclaeskens10@addthis.com,Female,189.233.243.85
38,Lucretia,Schlag,lschlag11@jiathis.com,Female,18.224.50.236
39,Johnathon,Paddon,jpaddon12@chron.com,Male,130.10.123.47
40,Tracy,Nicely,tnicely13@cpanel.net,Female,59.120.196.155
41,Falkner,Storms,fstorms14@t-online.de,Male,216.118.123.166
42,Maurits,Sagar,msagar15@cpanel.net,Male,208.189.128.16
43,Randal,Hentzeler,rhentzeler16@quantcast.com,Male,198.202.240.33
44,Malinda,Bronot,mbronot17@arstechnica.com,Female,143.243.189.60
45,Fran,O'Doohaine,fodoohaine18@live.com,Female,7.82.98.7
46,Ulric,Bohlmann,ubohlmann19@disqus.com,Male,77.147.127.210
47,Shelly,Graalman,sgraalman1a@google.com.au,Non-binary,170.111.210.208
48,Whitney,Oland,woland1b@deviantart.com,Male,226.38.174.30
49,Reg,Doherty,rdoherty1c@huffingtonpost.com,Male,112.243.8.139
50,Linzy,Lapslie,llapslie1d@noaa.gov,Female,20.18.153.110
51,Ronald,Whelband,rwhelband1e@newyorker.com,Male,12.118.20.207
52,Clyde,Blucher,cblucher1f@fema.gov,Genderqueer,114.239.190.47
53,Bjorn,Topp,btopp1g@webnode.com,Male,28.10.223.113
54,Jill,Wallbanks,jwallbanks1h@chronoengine.com,Female,81.16.16.236
55,Farra,Paradyce,fparadyce1i@edublogs.org,Female,3.176.10.2
56,Ripley,Roselli,rroselli1j@gravatar.com,Male,156.239.125.42
57,Carla,Linacre,clinacre1k@nydailynews.com,Female,30.67.46.145
58,Celeste,MacKee,cmackee1l@merriam-webster.com,Female,95.147.154.92
59,Juliana,Bransden,jbransden1m@springer.com,Female,128.138.146.91
60,Stephine,Brownsill,sbrownsill1n@ebay.co.uk,Female,245.72.10.220
61,Kory,Semechik,ksemechik1o@ucsd.edu,Male,84.23.19.109
62,Lee,Backen,lbacken1p@wp.com,Male,46.153.12.213
63,Chevalier,Liddicoat,cliddicoat1q@ovh.net,Male,68.254.252.150
64,Kimberley,Alexsandrov,kalexsandrov1r@upenn.edu,Female,89.223.236.188
65,Gisela,Akred,gakred1s@noaa.gov,Female,46.168.197.62
66,Ariella,Jobbins,ajobbins1t@networksolutions.com,Female,112.118.249.201
67,Merill,Durnian,mdurnian1u@jigsy.com,Male,26.104.134.207
68,Delainey,Fawke,dfawke1v@jugem.jp,Male,81.23.60.88
69,Joshuah,Gheerhaert,jgheerhaert1w@noaa.gov,Male,210.144.180.147
70,Augustus,Tipple,atipple1x@zimbio.com,Male,22.5.219.190
71,Beverlee,Finder,bfinder1y@tamu.edu,Female,31.96.106.248
72,Bendix,Clive,bclive1z@weibo.com,Male,92.102.95.1
73,Link,Quinlan,lquinlan20@engadget.com,Male,96.70.78.65
74,Penelopa,Kightly,pkightly21@netscape.com,Female,230.99.31.1
75,Petronille,Plimmer,pplimmer22@mozilla.com,Female,21.176.98.4
76,Celestia,Goggan,cgoggan23@163.com,Female,33.136.247.17
77,Hewe,Bonavia,hbonavia24@ehow.com,Male,93.53.195.225
78,Betsy,Crowley,bcrowley25@thetimes.co.uk,Female,54.104.255.178
79,Sibylle,Antrag,santrag26@umich.edu,Female,130.79.108.86
80,Leroy,McCrudden,lmccrudden27@bizjournals.com,Male,118.1.21.145
81,Orren,Readhead,oreadhead28@army.mil,Male,251.66.195.66
82,Jena,Hritzko,jhritzko29@wisc.edu,Bigender,244.7.212.168
83,Miner,Blackadder,mblackadder2a@accuweather.com,Agender,113.210.242.77
84,Bald,Jerson,bjerson2b@technorati.com,Male,206.81.227.161
85,Claudette,Pisculli,cpisculli2c@mayoclinic.com,Female,245.218.175.11
86,Mallorie,Bazek,mbazek2d@squidoo.com,Female,22.93.23.140
87,Brianna,Sewill,bsewill2e@mediafire.com,Female,167.115.110.167
88,Adriane,Tzarkov,atzarkov2f@amazonaws.com,Female,246.231.10.27
89,Elisabet,Estable,eestable2g@earthlink.net,Female,158.53.151.203
90,Yorke,Westwater,ywestwater2h@mtv.com,Male,52.50.219.164
91,Lexi,Fruchon,lfruchon2i@shop-pro.jp,Female,119.120.243.255
92,Hurleigh,Daltry,hdaltry2j@usatoday.com,Male,18.70.109.57
93,Benny,Livesley,blivesley2k@ucoz.ru,Male,31.91.109.120
94,Homer,Giacomuzzi,hgiacomuzzi2l@creativecommons.org,Male,2.231.19.189
95,Spencer,Duckhouse,sduckhouse2m@sbwire.com,Male,125.75.201.144
96,Ines,Lambird,ilambird2n@biblegateway.com,Genderfluid,88.214.180.142
97,Yorgo,Gridley,ygridley2o@sitemeter.com,Non-binary,222.95.0.17
98,Vasilis,Mallabone,vmallabone2p@thetimes.co.uk,Male,199.13.156.67
99,Maria,McKenzie,mmckenzie2q@google.fr,Female,132.189.171.175
100,Audie,Filipovic,afilipovic2r@dropbox.com,Female,140.55.41.122
101,Meris,Reap,mreap2s@mashable.com,Female,133.238.179.152
102,Vincenz,Sline,vsline2t@sun.com,Male,134.244.171.38
103,Kori,Brozsset,kbrozsset2u@1688.com,Female,36.75.155.13
104,Niven,Sate,nsate2v@cpanel.net,Male,171.109.180.92
105,Raynor,Freak,rfreak2w@istockphoto.com,Male,178.196.123.96
106,Maritsa,Meltetal,mmeltetal2x@thetimes.co.uk,Female,53.85.189.117
107,Billie,O'Donovan,bodonovan2y@tinypic.com,Male,145.57.221.88
108,Cosimo,Wheater,cwheater2z@purevolume.com,Male,196.48.57.255
109,Harp,Epp,hepp30@rediff.com,Male,217.131.66.221
110,Edwina,Drabble,edrabble31@amazon.com,Female,47.246.238.206
111,Egan,Konertz,ekonertz32@state.gov,Male,95.55.150.60
112,Wyn,Anfossi,wanfossi33@ox.ac.uk,Male,207.193.61.138
113,Marlena,Pau,mpau34@marriott.com,Female,240.46.202.158
114,Reagan,Barras,rbarras35@discuz.net,Genderqueer,224.20.12.243
115,Saundra,Ghidetti,sghidetti36@behance.net,Male,15.244.54.89
116,Julianna,Teal,jteal37@state.gov,Female,169.24.56.207
117,Babbie,Zimmermeister,bzimmermeister38@github.com,Female,214.4.44.91
118,Valaree,Cettell,vcettell39@booking.com,Female,103.169.163.110
119,Daron,Comiskey,dcomiskey3a@sourceforge.net,Male,107.37.102.140
120,Zsazsa,Rowland,zrowland3b@dedecms.com,Female,207.35.138.54
121,Shadow,Caesman,scaesman3c@pagesperso-orange.fr,Male,83.158.180.87
122,Ethel,Nealey,enealey3d@tripadvisor.com,Genderfluid,25.206.102.167
123,Barnebas,Mulcock,bmulcock3e@com.com,Male,79.2.153.45
124,Minny,Pipe,mpipe3f@miitbeian.gov.cn,Female,184.57.217.64
125,Knox,Woodworth,kwoodworth3g@privacy.gov.au,Male,226.73.191.14
126,Melesa,Beauvais,mbeauvais3h@google.nl,Female,153.45.74.40
127,Bethina,Fawkes,bfawkes3i@meetup.com,Female,44.43.61.81
128,Noe,Palfreman,npalfreman3j@miibeian.gov.cn,Male,245.230.88.26
129,Dennie,Fifield,dfifield3k@nhs.uk,Male,214.108.23.236
130,Gabie,Fordham,gfordham3l@bloglovin.com,Female,255.69.99.131
131,Susie,Brightman,sbrightman3m@cbsnews.com,Female,235.103.182.152
132,Candis,Schreurs,cschreurs3n@wikispaces.com,Female,169.14.76.234
133,Bailey,MacPherson,bmacpherson3o@myspace.com,Male,171.243.252.28
134,Zenia,McGregor,zmcgregor3p@upenn.edu,Female,185.102.68.51
135,Rozanne,Sharrard,rsharrard3q@sogou.com,Female,81.59.149.31
136,Nigel,Codner,ncodner3r@economist.com,Male,107.78.186.222
137,Jessica,Steffens,jsteffens3s@craigslist.org,Female,159.122.200.43
138,Hadlee,Coldwell,hcoldwell3t@washingtonpost.com,Male,138.102.125.8
139,Meridith,Bruinsma,mbruinsma3u@arizona.edu,Female,205.133.0.125
140,Pietro,Garrish,pgarrish3v@google.fr,Male,207.236.85.102
141,Imojean,von Nassau,ivonnassau3w@nba.com,Bigender,231.101.125.53
142,Wyatt,Jobke,wjobke3x@soundcloud.com,Male,10.221.142.59
143,Nicolea,Shearsby,nshearsby3y@symantec.com,Female,238.193.95.129
144,Calli,Pinsent,cpinsent3z@engadget.com,Female,144.173.73.138
145,Philly,Pawson,ppawson40@bbb.org,Female,127.190.36.184
146,Benedetta,Kief,bkief41@foxnews.com,Female,253.60.127.202
147,Kacie,Joselson,kjoselson42@google.de,Female,47.201.0.18
148,Adriano,Nazaret,anazaret43@github.io,Male,253.94.230.114
149,Veronike,Ovens,vovens44@cisco.com,Female,210.204.22.115
150,Lacee,Van Der Weedenburg,lvanderweedenburg45@naver.com,Female,222.23.89.252
151,Katerina,Iveans,kiveans46@sohu.com,Female,124.19.61.6
152,Dominique,Raggles,draggles47@imageshack.us,Female,221.236.135.31
153,Benny,Ruslen,bruslen48@ucla.edu,Male,0.55.106.220
154,Rona,MacKeeg,rmackeeg49@vimeo.com,Female,113.0.123.79
155,Leonhard,Tomaskov,ltomaskov4a@cafepress.com,Male,104.181.148.44
156,Gil,Hidderley,ghidderley4b@blog.com,Male,200.29.62.63
157,Gisele,Geraud,ggeraud4c@auda.org.au,Female,87.1.154.48
158,Ronny,Moverley,rmoverley4d@livejournal.com,Female,125.243.95.67
159,Dee,Cronkshaw,dcronkshaw4e@qq.com,Female,153.128.143.198
160,Donalt,Lunn,dlunn4f@utexas.edu,Male,37.220.211.138
161,Holt,Belfit,hbelfit4g@ucoz.com,Male,162.62.129.222
162,Moll,Adhams,madhams4h@huffingtonpost.com,Female,172.162.82.96
163,Aileen,Saill,asaill4i@bbb.org,Genderfluid,107.187.170.42
164,Tobie,Tock,ttock4j@drupal.org,Male,37.149.10.198
165,Constance,Bruneton,cbruneton4k@loc.gov,Female,25.179.61.80
166,Myrta,Prin,mprin4l@si.edu,Female,225.212.88.110
167,Ingram,Stopforth,istopforth4m@adobe.com,Male,242.90.136.115
168,Boyd,Albury,balbury4n@harvard.edu,Male,56.84.182.103
169,Wilfrid,Daine,wdaine4o@state.gov,Bigender,15.45.221.128
170,Ernest,Long,elong4p@pinterest.com,Male,214.236.100.87
171,Giustina,Curtis,gcurtis4q@google.de,Female,45.111.233.9
172,Chandler,Marty,cmarty4r@networkadvertising.org,Non-binary,116.41.157.66
173,Adan,Kerrich,akerrich4s@oaic.gov.au,Male,7.226.196.67
174,Lyon,Neary,lneary4t@devhub.com,Male,35.78.135.78
175,Cassius,Harses,charses4u@twitpic.com,Male,238.73.127.27
176,Darcey,De Filippis,ddefilippis4v@telegraph.co.uk,Female,21.170.241.234
177,Myra,Matejic,mmatejic4w@cmu.edu,Female,171.189.247.139
178,Arabele,Wordsley,awordsley4x@columbia.edu,Female,238.63.246.166
179,Zsazsa,Howden,zhowden4y@washingtonpost.com,Bigender,250.167.42.198
180,Johanna,Rodder,jrodder4z@ameblo.jp,Female,194.134.247.204
181,Auroora,Ellson,aellson50@blogs.com,Female,108.229.11.206
182,Wait,Ouver,wouver51@yelp.com,Male,13.34.150.2
183,Muffin,Pierrepoint,mpierrepoint52@upenn.edu,Female,70.71.180.77
184,Pepito,Jiranek,pjiranek53@slashdot.org,Male,1.93.188.66
185,Delainey,Blay,dblay54@youtube.com,Male,128.34.90.151
186,Delainey,Rye,drye55@wikia.com,Genderqueer,169.88.102.186
187,Rhys,Goodspeed,rgoodspeed56@lulu.com,Male,108.66.36.219
188,Lainey,Fewkes,lfewkes57@google.nl,Female,1.174.78.190
189,Monroe,Worrill,mworrill58@sohu.com,Male,19.98.210.203
190,Nikolaus,Dahmke,ndahmke59@tuttocitta.it,Male,33.103.71.95
191,Adeline,Lempel,alempel5a@tiny.cc,Female,5.158.97.70
192,Brantley,Valente,bvalente5b@behance.net,Male,59.83.9.6
193,Alix,Lowrance,alowrance5c@bbc.co.uk,Female,126.71.138.196
194,Corrie,Esby,cesby5d@de.vu,Male,150.220.143.51
195,Chrotoem,Truin,ctruin5e@ehow.com,Male,153.199.83.83
196,Kerianne,Warrick,kwarrick5f@shutterfly.com,Female,164.44.172.228
197,Mycah,Wilshin,mwilshin5g@cisco.com,Male,96.164.168.57
198,Nanni,Nolda,nnolda5h@free.fr,Female,185.118.45.49
199,Rianon,Kira,rkira5i@dropbox.com,Female,85.0.107.16
200,Stafford,Tante,stante5j@mapquest.com,Male,184.11.123.135
201,Nicoline,Lindfors,nlindfors5k@github.com,Female,116.250.127.199
202,Maddie,Whitear,mwhitear5l@barnesandnoble.com,Male,55.71.5.222
203,Winny,Cherrie,wcherrie5m@intel.com,Male,159.116.1.226
204,Ame,Dallan,adallan5n@hexun.com,Female,75.152.28.160
205,Tabbatha,Letchford,tletchford5o@archive.org,Female,0.70.19.110
206,Charin,Lowthian,clowthian5p@vkontakte.ru,Genderfluid,19.87.117.168
207,Ivie,Collister,icollister5q@squarespace.com,Female,80.138.78.172
208,Flossie,McKinley,fmckinley5r@census.gov,Female,229.60.63.251
209,Niels,Chalk,nchalk5s@moonfruit.com,Male,205.212.105.113
210,Lev,Ianittello,lianittello5t@joomla.org,Male,243.183.117.120
211,Koressa,Diego,kdiego5u@skype.com,Female,85.222.208.62
212,Lorilee,Caudell,lcaudell5v@nytimes.com,Female,127.182.110.116
213,Gawain,Eddie,geddie5w@cargocollective.com,Male,80.248.73.115
214,Dasie,Jerratsch,djerratsch5x@umn.edu,Female,127.96.163.153
215,Jamison,Sheepy,jsheepy5y@cloudflare.com,Male,142.96.94.207
216,Elena,Hegg,ehegg5z@ehow.com,Female,194.52.87.246
217,Simonette,De Souza,sdesouza60@biblegateway.com,Female,117.69.158.30
218,Eileen,Willars,ewillars61@elpais.com,Female,173.229.124.100
219,Randall,Alvar,ralvar62@forbes.com,Male,241.169.228.193
220,Gisella,Saye,gsaye63@nhs.uk,Non-binary,37.122.47.18
221,Patrice,Mugglestone,pmugglestone64@archive.org,Male,254.6.93.50
222,Darsey,Almey,dalmey65@who.int,Female,164.136.239.52
223,Trenton,McInnery,tmcinnery66@google.ru,Genderqueer,171.74.4.3
224,Kacey,Ruppele,kruppele67@mapy.cz,Female,183.208.237.79
225,Sharona,Dicky,sdicky68@macromedia.com,Female,13.248.105.48
226,Jack,Bastide,jbastide69@pen.io,Male,208.195.196.235
227,Jobie,Wildber,jwildber6a@hp.com,Female,13.149.214.106
228,Philippe,Weddeburn,pweddeburn6b@gizmodo.com,Female,13.183.29.244
229,Cos,Kehri,ckehri6c@pinterest.com,Male,28.70.133.14
230,Andy,Medford,amedford6d@dion.ne.jp,Agender,136.236.191.207
231,Katleen,Durand,kdurand6e@51.la,Genderfluid,62.247.232.15
232,Reggy,Kirsopp,rkirsopp6f@163.com,Male,114.189.225.240
233,Bamby,Baddiley,bbaddiley6g@example.com,Female,238.73.7.158
234,Cobb,McGreil,cmcgreil6h@addtoany.com,Male,219.53.56.75
235,Gustavo,Conan,gconan6i@domainmarket.com,Male,129.66.154.128
236,Mora,Scardafield,mscardafield6j@youtube.com,Female,34.65.58.92
237,Winona,Grassett,wgrassett6k@vk.com,Female,221.112.18.55
238,Nada,Croan,ncroan6l@joomla.org,Non-binary,51.223.177.39
239,Nestor,Robuchon,nrobuchon6m@nsw.gov.au,Male,24.204.198.224
240,Idalina,Traylen,itraylen6n@wp.com,Female,168.20.234.41
241,Maury,Asker,masker6o@shareasale.com,Bigender,204.99.254.183
242,Egan,Dmitr,edmitr6p@webs.com,Male,226.178.234.67
243,Crissy,Teresi,cteresi6q@1688.com,Female,24.77.208.97
244,Bryant,Catlin,bcatlin6r@hubpages.com,Male,215.163.120.171
245,Skelly,Rallin,srallin6s@shareasale.com,Male,26.31.152.156
246,Nikita,Briggdale,nbriggdale6t@mysql.com,Male,84.44.141.161
247,Dorise,Oakland,doakland6u@arizona.edu,Female,200.188.245.76
248,Olly,Croxton,ocroxton6v@umn.edu,Bigender,16.38.139.161
249,Ephraim,Batchley,ebatchley6w@comsenz.com,Male,226.143.36.119
250,Philbert,Wakefield,pwakefield6x@upenn.edu,Male,9.3.165.104
251,Kendal,Guisby,kguisby6y@pcworld.com,Male,46.215.248.116
252,Chad,Olijve,colijve6z@ucoz.com,Male,20.29.206.78
253,Gilburt,Gibbings,ggibbings70@php.net,Male,57.79.49.109
254,Caitlin,Jolin,cjolin71@ebay.co.uk,Female,122.88.96.218
255,Eddie,Legrice,elegrice72@tripadvisor.com,Male,192.30.179.141
256,Carmelita,Rosbrough,crosbrough73@cisco.com,Non-binary,253.221.156.89
257,Benedikta,Hymor,bhymor74@yellowbook.com,Female,104.180.94.208
258,Alfy,Tester,atester75@zimbio.com,Male,131.215.54.32
259,Oliver,Tremmel,otremmel76@cnet.com,Male,52.244.39.118
260,Francklin,Suermeier,fsuermeier77@w3.org,Genderfluid,151.107.90.187
261,Alexa,Urwen,aurwen78@zdnet.com,Genderfluid,14.154.10.215
262,Karmen,Busswell,kbusswell79@sphinn.com,Female,213.231.27.194
263,Jacquie,Gorrissen,jgorrissen7a@surveymonkey.com,Female,19.73.119.245
264,Lauren,Skirven,lskirven7b@yale.edu,Female,68.225.136.113
265,Marylee,Float,mfloat7c@google.ca,Female,211.205.81.105
266,Maryellen,Murrill,mmurrill7d@odnoklassniki.ru,Female,43.53.136.224
267,Darbie,Chatenier,dchatenier7e@usnews.com,Female,86.180.40.92
268,Linn,Ferebee,lferebee7f@shinystat.com,Male,181.223.248.80
269,Noellyn,Toynbee,ntoynbee7g@biglobe.ne.jp,Genderfluid,19.209.49.77
270,Doralynn,Derrett,dderrett7h@merriam-webster.com,Female,90.4.28.146
271,Elladine,Densham,edensham7i@desdev.cn,Female,98.230.254.135
272,Ogdon,Bickerdicke,obickerdicke7j@sciencedaily.com,Male,175.28.217.232
273,Isa,Asp,iasp7k@sciencedirect.com,Female,79.8.77.134
274,Lucky,Sampey,lsampey7l@people.com.cn,Female,129.132.150.171
275,Gaylor,Bench,gbench7m@engadget.com,Male,171.254.165.71
276,Ivar,Fasson,ifasson7n@altervista.org,Male,237.66.82.34
277,Austina,Twine,atwine7o@discuz.net,Female,248.244.1.115
278,Kalvin,Franschini,kfranschini7p@ted.com,Male,246.36.73.233
279,Winfred,Meert,wmeert7q@tuttocitta.it,Male,181.112.23.127
280,Janeen,Lorens,jlorens7r@apple.com,Female,242.57.31.178
281,Jacenta,Heditch,jheditch7s@google.es,Female,7.21.228.214
282,Niels,Gainsford,ngainsford7t@moonfruit.com,Male,69.222.127.104
283,Felix,Birrell,fbirrell7u@ebay.co.uk,Male,64.182.34.246
284,Cris,Conkie,cconkie7v@cafepress.com,Female,177.235.239.110
285,Lucky,Riggott,lriggott7w@nbcnews.com,Female,128.55.178.210
286,Craggie,Sallan,csallan7x@gnu.org,Male,242.6.173.52
287,Ferrell,Kullmann,fkullmann7y@issuu.com,Male,242.133.37.246
288,Jerri,Byrne,jbyrne7z@baidu.com,Male,118.203.71.98
289,Ketty,Warhurst,kwarhurst80@photobucket.com,Female,166.116.189.25
290,Prudi,Yockney,pyockney81@theguardian.com,Polygender,197.21.164.29
291,Onfroi,Pavelin,opavelin82@ibm.com,Male,186.32.51.99
292,Zaccaria,Gabbot,zgabbot83@mlb.com,Male,13.51.196.21
293,Adolpho,Manshaw,amanshaw84@independent.co.uk,Male,150.126.61.65
294,Gene,Dumbrill,gdumbrill85@state.tx.us,Female,251.2.107.167
295,Gaultiero,D'Emanuele,gdemanuele86@discuz.net,Male,132.114.213.44
296,Amargo,Korfmann,akorfmann87@printfriendly.com,Female,61.184.205.186
297,Shanan,Feake,sfeake88@wired.com,Male,42.182.108.22
298,Lemmie,Sykora,lsykora89@homestead.com,Male,234.94.128.215
299,Shae,Leer,sleer8a@ted.com,Female,221.14.227.228
300,Robbert,Birckmann,rbirckmann8b@phpbb.com,Male,231.175.144.1
301,Raymond,Harg,rharg8c@wunderground.com,Male,212.123.81.19
302,Penny,Jerrems,pjerrems8d@miibeian.gov.cn,Female,114.63.133.6
303,Theodoric,Cleworth,tcleworth8e@upenn.edu,Male,55.163.92.99
304,Rubi,Adger,radger8f@moonfruit.com,Female,143.62.218.233
305,Cully,Dametti,cdametti8g@github.io,Male,26.58.83.136
306,Gillan,Howel,ghowel8h@chicagotribune.com,Female,119.229.124.157
307,Sheri,Dosedale,sdosedale8i@comcast.net,Female,150.96.163.196
308,Annalee,Sandercroft,asandercroft8j@xrea.com,Non-binary,120.80.203.91
309,Byrom,Solomonides,bsolomonides8k@g.co,Male,219.120.78.244
310,Jeremie,Van den Hof,jvandenhof8l@ycombinator.com,Agender,236.48.1.75
311,Fonsie,Matyushonok,fmatyushonok8m@rediff.com,Male,153.254.173.48
312,Carolus,Micheli,cmicheli8n@apache.org,Male,158.155.2.211
313,Anny,Becarra,abecarra8o@spotify.com,Female,9.107.102.10
314,Markus,Pena,mpena8p@dropbox.com,Male,107.55.104.148
315,Marshall,Brennen,mbrennen8q@yellowbook.com,Male,74.21.158.191
316,Uri,Minker,uminker8r@google.com,Male,7.61.77.190
317,Padriac,Poultney,ppoultney8s@oaic.gov.au,Male,31.29.98.137
318,Caresa,Custy,ccusty8t@patch.com,Female,22.141.93.255
319,Aguistin,Beamson,abeamson8u@freewebs.com,Male,69.109.17.201
320,Martie,Sarath,msarath8v@miitbeian.gov.cn,Male,225.25.155.133
321,Archibaldo,Plewes,aplewes8w@taobao.com,Male,152.245.181.178
322,Lurline,Erie,lerie8x@japanpost.jp,Female,117.10.26.15
323,Juieta,Audley,jaudley8y@statcounter.com,Female,6.130.243.109
324,Pet,Reddy,preddy8z@google.de,Female,0.131.249.163
325,Tomaso,Tadman,ttadman90@bbb.org,Male,121.146.77.237
326,Ofelia,Bascomb,obascomb91@taobao.com,Female,19.25.69.153
327,Wade,Tangye,wtangye92@wordpress.com,Male,81.19.79.43
328,Jeramey,Camel,jcamel93@washingtonpost.com,Male,240.72.254.216
329,Ambros,Geerling,ageerling94@springer.com,Male,9.100.7.85
330,Reine,Bushel,rbushel95@blogs.com,Female,15.102.2.217
331,Gunar,Joskowicz,gjoskowicz96@spotify.com,Male,59.35.210.177
332,Olivier,Dunstone,odunstone97@skyrock.com,Male,126.117.33.13
333,Kipper,Kill,kkill98@xing.com,Male,219.92.186.221
334,Ryann,Berndsen,rberndsen99@senate.gov,Female,4.153.186.154
335,Phillida,Jorgesen,pjorgesen9a@ed.gov,Female,193.119.170.24
336,Fulton,Thomazin,fthomazin9b@hubpages.com,Male,100.176.160.144
337,Claudia,Vayne,cvayne9c@washingtonpost.com,Female,39.173.153.219
338,Nickolaus,Rapier,nrapier9d@tiny.cc,Male,101.114.167.58
339,Chiquia,Dickie,cdickie9e@reuters.com,Female,126.178.58.3
340,Felipe,Gaveltone,fgaveltone9f@statcounter.com,Male,141.243.50.52
341,Miriam,Meegan,mmeegan9g@sitemeter.com,Genderqueer,25.234.244.255
342,Goldia,Shurmore,gshurmore9h@purevolume.com,Female,138.46.79.92
343,Nanette,Rosso,nrosso9i@accuweather.com,Female,162.22.12.254
344,Burlie,Vanezis,bvanezis9j@usnews.com,Male,158.237.135.64
345,Wang,Byars,wbyars9k@pagesperso-orange.fr,Male,108.74.117.4
346,Brandice,Bozier,bbozier9l@vkontakte.ru,Genderqueer,229.233.90.87
347,Tibold,Sweetland,tsweetland9m@xrea.com,Male,113.129.152.197
348,Barton,Bilney,bbilney9n@ebay.com,Male,53.199.11.37
349,Karlens,Ennion,kennion9o@hc360.com,Bigender,69.241.156.7
350,Giselbert,Stidston,gstidston9p@dmoz.org,Male,204.79.20.70
351,Justus,Havercroft,jhavercroft9q@examiner.com,Male,12.156.68.246
352,Pamelina,Trippack,ptrippack9r@ucsd.edu,Genderfluid,159.28.207.23
353,Philly,Smithend,psmithend9s@cnbc.com,Female,199.185.68.227
354,Bev,Smuth,bsmuth9t@ustream.tv,Male,224.148.121.45
355,Roana,Grzelak,rgrzelak9u@bbb.org,Female,190.111.51.232
356,Mehetabel,Pymer,mpymer9v@weather.com,Female,50.120.114.88
357,Samson,Stitt,sstitt9w@hibu.com,Male,8.114.139.160
358,Abbie,Penvarden,apenvarden9x@gravatar.com,Male,222.130.217.89
359,Caroline,Kops,ckops9y@edublogs.org,Female,169.59.61.165
360,Mellicent,Menelaws,mmenelaws9z@flavors.me,Female,57.105.10.105
361,Cliff,Growcock,cgrowcocka0@scribd.com,Genderqueer,31.58.209.72
362,Yoshiko,Works,yworksa1@cloudflare.com,Female,4.81.161.216
363,Tomas,Greenhead,tgreenheada2@dmoz.org,Male,163.96.235.44
364,Ediva,Gale,egalea3@typepad.com,Female,1.104.93.158
365,Lorna,Carding,lcardinga4@ucsd.edu,Female,170.237.218.90
366,Othella,Souness,osounessa5@walmart.com,Female,177.40.222.119
367,Arda,Hagstone,ahagstonea6@sciencedaily.com,Female,149.67.253.63
368,Shermy,Cardinale,scardinalea7@google.it,Male,90.201.30.165
369,Teodoor,Fist,tfista8@squarespace.com,Male,152.103.9.11
370,Josie,Cavilla,jcavillaa9@ftc.gov,Female,99.100.46.105
371,Leelah,Rowbottam,lrowbottamaa@linkedin.com,Female,16.183.157.37
372,Antone,Sergean,asergeanab@myspace.com,Male,76.197.249.40
373,Allie,Sherwin,asherwinac@unc.edu,Male,197.174.116.174
374,Dimitri,Grahame,dgrahamead@acquirethisname.com,Male,194.186.123.71
375,Odo,Shellshear,oshellshearae@fda.gov,Male,147.234.67.20
376,Liliane,Stot,lstotaf@cnn.com,Female,98.195.136.164
377,Colby,Trunks,ctrunksag@mtv.com,Male,167.126.52.69
378,Reyna,Copner,rcopnerah@unicef.org,Female,121.27.32.180
379,Judi,Capinetti,jcapinettiai@fc2.com,Female,28.149.3.200
380,Germain,Casiero,gcasieroaj@dell.com,Female,217.92.225.75
381,Audrye,Kocher,akocherak@addtoany.com,Female,177.64.183.252
382,Ida,Baughn,ibaughnal@princeton.edu,Female,25.214.251.88
383,Virgil,Carmo,vcarmoam@howstuffworks.com,Agender,27.1.233.127
384,Marcelle,Desbrow,mdesbrowan@weather.com,Female,228.189.165.239
385,Storm,Wrinch,swrinchao@last.fm,Female,233.214.102.249
386,Gannie,Grahl,ggrahlap@hud.gov,Male,94.100.4.142
387,Clevie,O'Neill,coneillaq@google.com.hk,Male,71.244.245.78
388,Staford,Densumbe,sdensumbear@cocolog-nifty.com,Male,129.81.248.198
389,Gil,Haslum,ghaslumas@yellowpages.com,Male,106.7.46.121
390,Leyla,Jaqueminet,ljaqueminetat@dot.gov,Female,64.173.127.27
391,Alfons,Dart,adartau@cargocollective.com,Bigender,250.233.71.15
392,Nicolea,Fann,nfannav@hp.com,Female,168.32.60.133
393,Corabel,Jedrasik,cjedrasikaw@archive.org,Female,221.242.168.10
394,Xenia,Scotchmoor,xscotchmoorax@walmart.com,Female,203.233.144.112
395,Shane,Corryer,scorryeray@cyberchimps.com,Non-binary,142.60.181.69
396,Aurilia,Ladloe,aladloeaz@weebly.com,Female,123.253.102.121
397,Germayne,Rimes,grimesb0@altervista.org,Male,125.6.34.52
398,Gaylord,Ingerman,gingermanb1@redcross.org,Male,43.12.160.108
399,Consolata,Twyford,ctwyfordb2@oakley.com,Female,71.34.89.244
400,Orv,Masedon,omasedonb3@hugedomains.com,Male,202.41.55.236
401,Celene,Devorill,cdevorillb4@cmu.edu,Female,43.54.81.193
402,Matias,Baines,mbainesb5@phpbb.com,Male,250.179.49.87
403,Clywd,Sawter,csawterb6@weibo.com,Male,160.57.26.157
404,Hannah,Collie,hcollieb7@nasa.gov,Female,180.201.229.140
405,Fabe,Bater,fbaterb8@oaic.gov.au,Male,45.178.134.206
406,Dannie,Yellowlee,dyellowleeb9@sbwire.com,Female,230.146.61.134
407,Frants,Tampion,ftampionba@friendfeed.com,Male,246.239.211.119
408,Florette,Cluatt,fcluattbb@lycos.com,Female,150.165.19.190
409,Dewie,Voysey,dvoyseybc@mayoclinic.com,Male,197.101.107.5
410,Borg,Philcott,bphilcottbd@vkontakte.ru,Male,149.27.151.231
411,Vince,Paulet,vpauletbe@reverbnation.com,Male,15.211.121.172
412,Susana,Karpov,skarpovbf@soundcloud.com,Agender,6.173.194.68
413,Hanni,Guillond,hguillondbg@homestead.com,Female,143.19.32.44
414,Else,Vidgeon,evidgeonbh@facebook.com,Female,55.46.25.132
415,Mahalia,Colquete,mcolquetebi@goodreads.com,Female,11.254.3.14
416,Cassius,Youens,cyouensbj@csmonitor.com,Male,180.73.204.81
417,Freda,Billings,fbillingsbk@census.gov,Female,241.242.48.185
418,Catie,Bampfield,cbampfieldbl@ovh.net,Female,233.212.176.125
419,Matias,Margeram,mmargerambm@bbc.co.uk,Male,61.189.122.143
420,Barney,Emanuelli,bemanuellibn@istockphoto.com,Male,219.87.100.8
421,Marti,Stud,mstudbo@oracle.com,Female,86.96.19.53
422,Kipp,Tremellier,ktremellierbp@timesonline.co.uk,Male,84.169.132.194
423,Marcelle,Gittus,mgittusbq@spiegel.de,Non-binary,2.208.126.139
424,Mahmud,Phear,mphearbr@over-blog.com,Male,238.136.33.215
425,Bernard,Gudd,bguddbs@xrea.com,Male,94.65.17.203
426,Arch,Lyddon,alyddonbt@paypal.com,Bigender,172.6.53.54
427,Dud,Concklin,dconcklinbu@prlog.org,Male,64.23.147.93
428,Robert,Hyslop,rhyslopbv@independent.co.uk,Male,181.190.36.207
429,Buffy,Larne,blarnebw@instagram.com,Non-binary,227.34.216.199
430,Cally,Leband,clebandbx@wordpress.org,Female,44.209.235.100
431,Brina,Utridge,butridgeby@phoca.cz,Female,7.220.57.64
432,Almire,Ivancevic,aivancevicbz@zimbio.com,Female,149.215.60.239
433,Ferdy,Beningfield,fbeningfieldc0@independent.co.uk,Non-binary,29.201.201.143
434,Conni,Martinetto,cmartinettoc1@liveinternet.ru,Female,67.243.46.139
435,Travus,Morritt,tmorrittc2@google.com.au,Male,11.253.142.146
436,Kayley,Duker,kdukerc3@nifty.com,Female,67.0.96.247
437,Birgit,Francescotti,bfrancescottic4@parallels.com,Female,166.200.77.20
438,Deidre,Souley,dsouleyc5@symantec.com,Female,37.129.31.139
439,Nevil,Ramshaw,nramshawc6@google.ca,Male,132.246.5.15
440,Hyman,Deplacido,hdeplacidoc7@webeden.co.uk,Male,145.209.199.206
441,Curr,D'Onisi,cdonisic8@cargocollective.com,Male,94.173.114.232
442,Eddy,Bendelow,ebendelowc9@oaic.gov.au,Male,113.54.181.70
443,Bryanty,Strong,bstrongca@unblog.fr,Male,8.102.29.96
444,Brooks,Pleaden,bpleadencb@earthlink.net,Female,186.107.15.158
445,Mable,Offiler,moffilercc@oracle.com,Female,210.55.227.52
446,Claudetta,Lindl,clindlcd@ihg.com,Female,220.18.31.102
447,Giacomo,Chartman,gchartmance@imdb.com,Male,255.118.86.159
448,Pebrook,Scatchard,pscatchardcf@360.cn,Male,163.89.165.62
449,Sarge,Dumelow,sdumelowcg@examiner.com,Agender,99.225.63.99
450,Garrard,Pecey,gpeceych@berkeley.edu,Male,94.96.4.251
451,Doria,Yesinov,dyesinovci@sun.com,Female,174.221.177.86
452,Filbert,Edmeades,fedmeadescj@printfriendly.com,Male,251.172.206.91
453,Noll,Mabbs,nmabbsck@hexun.com,Male,41.255.179.175
454,Cash,Lukesch,clukeschcl@sfgate.com,Male,80.229.13.246
455,Joyan,Filipputti,jfilipputticm@techcrunch.com,Female,63.63.144.241
456,Norine,Vowell,nvowellcn@cbslocal.com,Female,102.130.237.61
457,Roi,Rawne,rrawneco@shinystat.com,Male,157.162.99.235
458,Abra,Levay,alevaycp@feedburner.com,Female,27.61.130.51
459,Jeromy,Doneld,jdoneldcq@upenn.edu,Non-binary,18.16.2.109
460,Chantal,Philippet,cphilippetcr@nps.gov,Female,64.214.54.86
461,Rochella,Marlowe,rmarlowecs@java.com,Female,198.94.50.244
462,Timothy,Bernardeau,tbernardeauct@t-online.de,Male,93.16.174.100
463,Glennis,Lerner,glernercu@cargocollective.com,Female,105.122.61.147
464,Terrie,MacCoveney,tmaccoveneycv@irs.gov,Female,121.178.167.13
465,Prinz,Duhig,pduhigcw@addtoany.com,Male,219.13.4.199
466,Locke,Dowzell,ldowzellcx@reuters.com,Male,186.41.182.191
467,Cindi,Kynoch,ckynochcy@technorati.com,Female,14.186.225.248
468,Noach,Moscrop,nmoscropcz@blinklist.com,Male,165.248.92.181
469,Alisha,Sanzio,asanziod0@hexun.com,Genderfluid,88.86.96.167
470,Morten,Rulton,mrultond1@sitemeter.com,Male,33.203.251.12
471,Kandace,Rampage,krampaged2@360.cn,Female,164.182.98.21
472,Vasilis,Kimbly,vkimblyd3@wikispaces.com,Male,66.57.174.62
473,Kippy,Asling,kaslingd4@salon.com,Male,108.30.193.57
474,Chrysler,Hugonnet,chugonnetd5@dion.ne.jp,Female,152.112.21.141
475,Howie,Cattach,hcattachd6@123-reg.co.uk,Male,11.120.17.158
476,Iosep,Addis,iaddisd7@webs.com,Male,187.180.33.77
477,Zita,Treharne,ztreharned8@bloglovin.com,Female,241.14.161.75
478,Jillie,McDonnell,jmcdonnelld9@usa.gov,Female,14.205.222.253
479,Rickie,Stag,rstagda@e-recht24.de,Male,215.135.158.237
480,Nissa,Millen,nmillendb@umich.edu,Female,19.5.249.102
481,Felipe,Dimanche,fdimanchedc@ucoz.ru,Male,103.37.61.185
482,Marguerite,Vischi,mvischidd@nymag.com,Female,254.30.252.195
483,Griswold,Madle,gmadlede@spotify.com,Male,14.157.243.175
484,Tadd,Cappel,tcappeldf@dion.ne.jp,Male,154.128.253.89
485,Tailor,Careswell,tcareswelldg@shareasale.com,Male,126.19.233.13
486,Ches,Northey,cnortheydh@mtv.com,Male,227.45.218.77
487,Gerhardine,Jarrad,gjarraddi@livejournal.com,Female,254.182.228.227
488,Felita,Pontefract,fpontefractdj@elegantthemes.com,Female,79.186.140.243
489,Kirby,Rookes,krookesdk@drupal.org,Female,6.156.167.93
490,Amalee,Gallant,agallantdl@domainmarket.com,Agender,12.10.157.194
491,Bibby,Gapper,bgapperdm@yolasite.com,Female,211.202.163.20
492,Fran,Basil,fbasildn@tinypic.com,Male,140.81.102.209
493,Domini,Sabbin,dsabbindo@epa.gov,Agender,207.129.116.3
494,Boy,Greenhead,bgreenheaddp@miitbeian.gov.cn,Genderfluid,23.11.174.80
495,Linus,Scintsbury,lscintsburydq@spiegel.de,Male,194.80.205.205
496,Woodie,Teodorski,wteodorskidr@amazon.co.jp,Male,243.205.75.83
497,Artur,Oake,aoakeds@free.fr,Male,43.78.21.42
498,Pia,Gillum,pgillumdt@shareasale.com,Polygender,185.47.66.247
499,Peadar,McKoy,pmckoydu@istockphoto.com,Male,97.144.217.18
500,Floris,Rolfs,frolfsdv@mozilla.org,Female,196.117.162.16
501,Frederique,Braybrook,fbraybrookdw@who.int,Genderqueer,166.86.186.236
502,Batholomew,Hooke,bhookedx@imgur.com,Male,23.115.138.28
503,Tallia,Fenelow,tfenelowdy@over-blog.com,Female,111.8.49.173
504,Mario,Yetton,myettondz@paypal.com,Male,39.250.70.136
505,Nigel,Shallcroff,nshallcroffe0@exblog.jp,Male,209.138.215.128
506,Lexie,Cashley,lcashleye1@lycos.com,Female,29.1.118.128
507,Shalne,Mowbray,smowbraye2@gov.uk,Female,99.239.186.46
508,Jaclin,Yard,jyarde3@clickbank.net,Female,41.90.189.244
509,Greggory,Rivelon,grivelone4@nps.gov,Male,138.144.4.48
510,Deeann,Jean,djeane5@about.me,Female,7.131.7.60
511,Dalton,Shufflebotham,dshufflebothame6@msn.com,Male,253.46.218.204
512,Eva,Mathes,emathese7@omniture.com,Female,20.149.208.182
513,Philippa,Le Page,plepagee8@mysql.com,Female,210.46.161.1
514,Gisele,Stonier,gstoniere9@google.co.uk,Female,205.123.145.95
515,Ashla,State,astateea@cornell.edu,Female,42.51.247.130
516,Jeanne,Walewicz,jwalewiczeb@posterous.com,Female,45.172.161.82
517,Timmy,Tant,ttantec@si.edu,Polygender,64.106.8.42
518,Basile,Witherdon,bwitherdoned@imdb.com,Bigender,118.247.156.99
519,Malinda,Van der Krui,mvanderkruiee@eventbrite.com,Female,233.83.40.81
520,Nata,Gloy,ngloyef@ibm.com,Female,95.99.73.252
521,Melina,Lowsely,mlowselyeg@wiley.com,Female,162.67.82.216
522,Nicolais,Megroff,nmegroffeh@sfgate.com,Male,229.217.118.42
523,Alis,Hellings,ahellingsei@scientificamerican.com,Female,97.83.159.135
524,Von,Tembey,vtembeyej@whitehouse.gov,Male,186.173.203.156
525,Gabi,Allans,gallansek@washington.edu,Male,16.37.48.172
526,Andriette,Jaqueminet,ajaqueminetel@slideshare.net,Female,247.243.51.50
527,Nomi,Matyukon,nmatyukonem@wordpress.org,Female,66.124.17.96
528,Abbot,Berrisford,aberrisforden@a8.net,Male,95.200.247.14
529,Devlen,Maling,dmalingeo@omniture.com,Male,130.14.126.93
530,Jordanna,Luthwood,jluthwoodep@wufoo.com,Female,236.83.109.193
531,Denys,Oultram,doultrameq@google.com.br,Female,136.116.152.89
532,Claiborne,Foat,cfoater@nyu.edu,Male,119.218.32.14
533,Valdemar,Attack,vattackes@nbcnews.com,Male,177.75.254.76
534,Mahmud,De Vaan,mdevaanet@bbb.org,Male,244.154.3.33
535,Adela,Wybourne,awybourneeu@state.gov,Female,117.227.122.232
536,Pyotr,Laidel,plaidelev@skyrock.com,Male,10.158.223.48
537,Guglielma,Dowderswell,gdowderswellew@hibu.com,Female,177.7.254.97
538,Lauretta,Calcutt,lcalcuttex@netscape.com,Female,248.30.157.54
539,Brendis,Potbury,bpotburyey@lycos.com,Male,151.6.72.154
540,Zebedee,Barajaz,zbarajazez@amazon.co.jp,Male,48.156.158.106
541,Ivie,Sitlington,isitlingtonf0@wordpress.com,Female,172.233.207.78
542,Estel,Mollene,emollenef1@issuu.com,Female,227.86.154.176
543,Cristi,Steger,cstegerf2@ox.ac.uk,Female,247.31.64.193
544,Honor,Eingerfield,heingerfieldf3@cbslocal.com,Female,9.29.108.127
545,Hardy,Pinnion,hpinnionf4@gov.uk,Male,238.44.32.91
546,Kerrin,Tillot,ktillotf5@hibu.com,Genderqueer,168.68.9.243
547,Roseline,Pavolini,rpavolinif6@narod.ru,Female,67.220.204.4
548,Aloin,Esmonde,aesmondef7@uol.com.br,Male,46.13.231.186
549,Brnaby,Sposito,bspositof8@scribd.com,Male,253.56.144.161
550,Gallard,Piegrome,gpiegromef9@noaa.gov,Male,239.59.134.140
551,Clerc,Noades,cnoadesfa@kickstarter.com,Male,174.62.242.152
552,Luz,Ludovici,lludovicifb@mashable.com,Female,245.145.28.244
553,Wynn,Rawls,wrawlsfc@mysql.com,Female,94.79.246.233
554,Felicio,Gobolos,fgobolosfd@whitehouse.gov,Male,13.104.79.8
555,Clarie,Vaneschi,cvaneschife@deliciousdays.com,Female,161.241.41.186
556,Dallas,Sessions,dsessionsff@dailymail.co.uk,Male,4.9.11.120
557,Arlette,Henrichsen,ahenrichsenfg@ucoz.com,Female,252.230.110.237
558,Deane,MacCahey,dmaccaheyfh@youtu.be,Female,46.148.176.189
559,Craggie,Eusden,ceusdenfi@latimes.com,Male,52.74.154.237
560,Remy,Fasset,rfassetfj@marriott.com,Female,235.55.158.216
561,Winona,Studde,wstuddefk@google.com.hk,Female,76.234.172.160
562,Conroy,Schaffel,cschaffelfl@hexun.com,Male,192.145.113.197
563,Henryetta,Brum,hbrumfm@dion.ne.jp,Bigender,142.132.159.107
564,Nannie,Kerrod,nkerrodfn@craigslist.org,Female,244.137.184.205
565,Devonne,Hamfleet,dhamfleetfo@usatoday.com,Agender,130.4.144.190
566,Ally,Baily,abailyfp@bbb.org,Female,91.107.175.176
567,Willetta,Tabourel,wtabourelfq@zimbio.com,Female,234.180.169.40
568,Sarina,Devin,sdevinfr@mtv.com,Female,137.50.47.205
569,Di,Duly,ddulyfs@squarespace.com,Female,91.206.244.117
570,Nananne,Jenks,njenksft@deviantart.com,Female,157.5.10.83
571,Micki,Nerval,mnervalfu@sciencedaily.com,Female,121.201.118.237
572,Dorree,Saladino,dsaladinofv@blogspot.com,Female,40.155.241.5
573,Raddy,Paz,rpazfw@g.co,Male,60.125.121.219
574,Bail,Fechnie,bfechniefx@cpanel.net,Male,122.149.73.44
575,Joel,McGinnell,jmcginnellfy@bloglines.com,Male,163.250.228.216
576,Tracie,Bonifas,tbonifasfz@1und1.de,Female,213.230.0.129
577,Arabella,Christley,achristleyg0@hc360.com,Female,116.14.206.152
578,Sofia,Lichfield,slichfieldg1@disqus.com,Female,84.86.136.93
579,Kennan,Lefridge,klefridgeg2@google.co.jp,Male,236.216.28.95
580,Josh,Standley,jstandleyg3@house.gov,Male,160.224.85.123
581,Laurel,MacDermott,lmacdermottg4@flavors.me,Female,137.199.201.132
582,Matias,Tomei,mtomeig5@livejournal.com,Male,250.84.37.155
583,Mei,Pinckney,mpinckneyg6@wordpress.org,Female,139.40.219.194
584,Meg,O'Fergus,mofergusg7@typepad.com,Female,128.38.108.126
585,Dorie,Mitchelmore,dmitchelmoreg8@dmoz.org,Female,111.1.96.144
586,Cullin,Bridat,cbridatg9@1688.com,Male,125.130.102.81
587,Kristyn,Harraway,kharrawayga@mediafire.com,Female,5.136.190.193
588,Ermin,Tremblay,etremblaygb@example.com,Male,224.195.182.246
589,Annmaria,Pidduck,apidduckgc@mozilla.com,Female,44.123.115.126
590,Corey,Brannigan,cbrannigangd@uiuc.edu,Male,28.83.246.22
591,Kimmie,Linnock,klinnockge@aol.com,Female,5.135.39.167
592,Lionello,Turrell,lturrellgf@tamu.edu,Male,31.171.147.208
593,Deni,Dagnan,ddagnangg@china.com.cn,Female,32.227.57.59
594,Ermina,Lesley,elesleygh@huffingtonpost.com,Female,135.12.78.33
595,Bibbie,Blakiston,bblakistongi@soup.io,Female,153.224.80.210
596,Alexandrina,Mickleburgh,amickleburghgj@deliciousdays.com,Female,132.222.100.4
597,Free,Voaden,fvoadengk@dmoz.org,Male,20.83.136.51
598,Alaster,Rodda,aroddagl@clickbank.net,Male,188.188.133.210
599,Gretchen,Bartczak,gbartczakgm@1688.com,Female,146.93.104.254
600,Seymour,Ballaam,sballaamgn@prnewswire.com,Male,244.218.242.95
601,Matthieu,Quodling,mquodlinggo@edublogs.org,Male,35.140.36.112
602,Harcourt,Sherrell,hsherrellgp@mapquest.com,Male,170.246.56.101
603,Margaret,Philipart,mphilipartgq@webnode.com,Female,0.32.128.41
604,Chrisse,Zorzin,czorzingr@github.io,Male,200.53.240.3
605,Beverlie,Scorthorne,bscorthornegs@princeton.edu,Female,190.96.17.30
606,Clo,Kornousek,ckornousekgt@vistaprint.com,Female,6.147.77.95
607,Amos,O'Gleasane,aogleasanegu@eventbrite.com,Male,164.141.29.163
608,Ad,Delia,adeliagv@washington.edu,Male,63.63.145.47
609,Clint,Arbuckle,carbucklegw@bbc.co.uk,Male,7.146.233.211
610,Darline,Files,dfilesgx@jimdo.com,Female,253.122.162.28
611,Andie,Gibard,agibardgy@youku.com,Male,83.112.236.34
612,Blaire,Waker,bwakergz@dedecms.com,Female,64.82.152.79
613,Giralda,Chandler,gchandlerh0@angelfire.com,Female,133.213.189.6
614,Zedekiah,Apedaile,zapedaileh1@bluehost.com,Male,247.201.137.132
615,Daryle,Dobie,ddobieh2@spiegel.de,Male,200.92.91.203
616,Gabrielle,Duligall,gduligallh3@wikia.com,Female,168.21.2.178
617,Maryanne,Strapp,mstrapph4@blogger.com,Female,34.41.210.248
618,Yuri,Webb-Bowen,ywebbbowenh5@dmoz.org,Male,62.187.0.58
619,Sidonnie,Rushe,srusheh6@yellowbook.com,Female,39.80.50.79
620,Conrado,McKeaney,cmckeaneyh7@163.com,Male,17.116.226.1
621,Urson,Drakard,udrakardh8@rakuten.co.jp,Male,67.91.116.248
622,Antons,Perelli,aperellih9@gov.uk,Male,174.11.179.172
623,Alix,MacDunlevy,amacdunlevyha@usda.gov,Male,47.87.75.72
624,Otho,Stapels,ostapelshb@gnu.org,Male,149.238.85.34
625,Julianne,Banat,jbanathc@acquirethisname.com,Female,106.93.67.132
626,Willow,O'Scandall,woscandallhd@freewebs.com,Female,185.114.84.130
627,Inglebert,Record,irecordhe@hao123.com,Non-binary,186.73.218.0
628,Sherm,Mogra,smograhf@nbcnews.com,Male,250.156.217.68
629,Wynne,McGown,wmcgownhg@paginegialle.it,Female,250.82.230.96
630,Etta,Cadman,ecadmanhh@de.vu,Female,21.146.26.170
631,Martie,Olyfant,molyfanthi@alibaba.com,Male,33.79.162.198
632,Mauricio,Hanner,mhannerhj@bloglovin.com,Bigender,219.156.73.178
633,Bevon,Clemendot,bclemendothk@weibo.com,Male,180.193.215.152
634,Rodge,Leahy,rleahyhl@com.com,Male,179.15.167.126
635,Theodore,Narramor,tnarramorhm@delicious.com,Male,84.71.122.29
636,Wait,Brodeur,wbrodeurhn@wufoo.com,Male,12.255.102.139
637,Evin,Pitney,epitneyho@clickbank.net,Male,104.116.68.154
638,Wyndham,Rapps,wrappshp@nyu.edu,Male,104.183.191.146
639,Poul,Kean,pkeanhq@latimes.com,Male,73.164.137.13
640,Kai,Ruddle,kruddlehr@amazon.co.uk,Female,197.99.99.134
641,Quentin,Belson,qbelsonhs@usda.gov,Male,184.191.87.103
642,Myriam,Breheny,mbrehenyht@creativecommons.org,Female,14.136.230.5
643,Cornie,Roggeman,croggemanhu@bluehost.com,Female,106.229.136.99
644,Haskel,Sheron,hsheronhv@vkontakte.ru,Male,140.162.124.45
645,Janek,Pinwill,jpinwillhw@opensource.org,Male,40.221.249.155
646,Camilla,Danielsson,cdanielssonhx@techcrunch.com,Agender,58.96.137.64
647,Bell,Burfoot,bburfoothy@salon.com,Female,58.39.113.221
648,Karia,Llewelyn,kllewelynhz@delicious.com,Female,150.197.85.237
649,Brigitte,Ber,bberi0@nasa.gov,Female,242.111.206.115
650,Reg,Turville,rturvillei1@plala.or.jp,Male,24.98.168.146
651,Caitrin,Greenrod,cgreenrodi2@netvibes.com,Female,249.175.160.23
652,Cece,Tomczykiewicz,ctomczykiewiczi3@oracle.com,Male,68.2.254.175
653,Adamo,Sodory,asodoryi4@whitehouse.gov,Male,46.137.222.52
654,Elka,McCutcheon,emccutcheoni5@oakley.com,Female,130.55.55.202
655,Ram,Taunton.,rtauntoni6@blogger.com,Genderfluid,34.69.161.255
656,Perrine,Filimore,pfilimorei7@cdbaby.com,Female,58.37.70.178
657,Kristos,Darke,kdarkei8@google.it,Male,38.164.208.157
658,Ainslie,Kaas,akaasi9@nba.com,Agender,152.153.127.76
659,Estrella,Gather,egatheria@auda.org.au,Female,165.230.37.30
660,Alvan,Godspede,agodspedeib@shop-pro.jp,Male,68.108.199.244
661,Shaine,Foxley,sfoxleyic@so-net.ne.jp,Genderfluid,237.119.171.189
662,Tobi,Rudwell,trudwellid@boston.com,Female,210.166.201.100
663,Jess,Reolfi,jreolfiie@tinyurl.com,Male,63.47.185.247
664,Carmelita,Hariot,chariotif@hatena.ne.jp,Female,92.167.89.15
665,Lida,Taye,ltayeig@last.fm,Female,131.155.211.29
666,Riley,Awde,rawdeih@shop-pro.jp,Male,239.188.59.203
667,Tierney,Andrysek,tandrysekii@usgs.gov,Female,72.8.38.190
668,Jaquenetta,Tarrier,jtarrierij@booking.com,Female,18.96.107.0
669,Willey,Wroath,wwroathik@foxnews.com,Male,119.203.157.134
670,Orton,Peirazzi,opeirazziil@devhub.com,Male,102.146.154.178
671,Karlis,Giacobo,kgiacoboim@latimes.com,Male,168.170.86.233
672,Briny,Sandes,bsandesin@gizmodo.com,Female,96.42.153.249
673,Jeniece,Betho,jbethoio@netscape.com,Female,82.250.50.139
674,Rois,Tapton,rtaptonip@hud.gov,Female,163.164.109.6
675,Matelda,Bricknall,mbricknalliq@freewebs.com,Female,168.70.232.99
676,Garrott,Janway,gjanwayir@i2i.jp,Male,253.165.148.16
677,Daphne,Lomansey,dlomanseyis@auda.org.au,Female,113.91.210.77
678,Franky,Michelet,fmicheletit@github.io,Male,169.125.89.211
679,Hardy,Wolters,hwoltersiu@instagram.com,Male,188.126.26.234
680,Ellswerth,Dunderdale,edunderdaleiv@walmart.com,Male,112.208.138.2
681,Phedra,Truelove,ptrueloveiw@symantec.com,Female,213.89.192.209
682,Lorettalorna,Haucke,lhauckeix@sourceforge.net,Female,116.67.155.161
683,Katharyn,Jakubiak,kjakubiakiy@walmart.com,Female,49.194.104.90
684,Agnola,Housbey,ahousbeyiz@globo.com,Female,224.213.21.231
685,Catherine,Parrett,cparrettj0@php.net,Female,194.190.212.149
686,Rosemaria,Hendrikse,rhendriksej1@uiuc.edu,Female,255.19.120.82
687,Amandi,Beavon,abeavonj2@feedburner.com,Female,122.66.247.1
688,Theo,Povall,tpovallj3@freewebs.com,Genderfluid,42.102.161.96
689,Harmonia,Rudwell,hrudwellj4@barnesandnoble.com,Female,16.249.194.171
690,Valeria,MacTrustey,vmactrusteyj5@bigcartel.com,Female,214.113.59.56
691,Adella,Lisciandri,alisciandrij6@mozilla.org,Female,216.237.228.135
692,Bea,Gellier,bgellierj7@xrea.com,Female,175.119.233.241
693,Catherina,Cade,ccadej8@loc.gov,Female,92.96.14.252
694,Norbie,Harrison,nharrisonj9@goo.gl,Male,26.47.221.148
695,Humbert,Gullivent,hgulliventja@last.fm,Male,91.167.240.20
696,Alexandro,Heggman,aheggmanjb@gov.uk,Male,249.255.33.221
697,Hamlen,Skryne,hskrynejc@shinystat.com,Male,13.75.135.44
698,Gerda,Noyes,gnoyesjd@si.edu,Female,128.230.80.191
699,Hanson,Hardan,hhardanje@jigsy.com,Genderfluid,6.48.10.84
700,Valida,Hellyar,vhellyarjf@reuters.com,Female,62.119.33.175
701,Cornelius,Tillard,ctillardjg@bbc.co.uk,Male,169.24.180.204
702,Adler,Hepher,ahepherjh@cnn.com,Male,150.81.18.235
703,Colman,Vanlint,cvanlintji@army.mil,Male,169.176.234.152
704,Wake,Kurton,wkurtonjj@princeton.edu,Polygender,129.48.64.139
705,Vale,Perview,vperviewjk@360.cn,Male,157.70.146.84
706,Antoine,Antoniutti,aantoniuttijl@ted.com,Genderfluid,96.121.38.171
707,Barr,Taggert,btaggertjm@istockphoto.com,Male,54.123.169.108
708,Torr,Mayes,tmayesjn@1und1.de,Male,92.100.87.24
709,Drake,Splevings,dsplevingsjo@usnews.com,Male,141.166.200.226
710,Allen,Lindmark,alindmarkjp@mysql.com,Male,225.40.190.100
711,Chad,Domsalla,cdomsallajq@woothemes.com,Female,104.19.77.193
712,Carol,Hurrion,churrionjr@last.fm,Female,4.82.33.36
713,Lorenzo,Linebarger,llinebargerjs@cmu.edu,Male,128.204.16.245
714,Shanan,Lowerson,slowersonjt@admin.ch,Non-binary,103.64.15.1
715,Giorgi,Fosken,gfoskenju@samsung.com,Male,29.122.71.25
716,Tades,Hodinton,thodintonjv@ovh.net,Male,49.253.116.41
717,Tybie,Kembrey,tkembreyjw@a8.net,Female,194.205.32.123
718,Lindy,Gulvin,lgulvinjx@amazonaws.com,Male,115.17.39.54
719,Ursa,Gimlet,ugimletjy@simplemachines.org,Female,231.39.21.194
720,Giacobo,Dilland,gdillandjz@microsoft.com,Male,78.94.142.151
721,Hashim,Spilsburie,hspilsburiek0@msu.edu,Male,179.53.53.109
722,Yvette,Cowely,ycowelyk1@mail.ru,Female,45.132.68.129
723,Peadar,Pawfoot,ppawfootk2@sciencedirect.com,Male,249.102.32.212
724,Jada,Samwaye,jsamwayek3@feedburner.com,Female,21.254.241.92
725,Charlton,McCormack,cmccormackk4@cnbc.com,Male,202.131.222.75
726,Gustave,Abbe,gabbek5@myspace.com,Male,59.29.35.69
727,Timmie,Diboll,tdibollk6@yahoo.com,Male,209.191.55.220
728,Gypsy,Gendricke,ggendrickek7@google.ru,Female,249.217.14.226
729,Diahann,Harcombe,dharcombek8@goodreads.com,Female,203.94.79.68
730,Lyndsie,Branchflower,lbranchflowerk9@wikia.com,Female,99.33.110.174
731,Glyn,Gosenell,ggosenellka@ted.com,Male,73.59.129.201
732,Robina,Le feaver,rlefeaverkb@marketwatch.com,Female,248.251.9.21
733,Rollins,Gibbons,rgibbonskc@technorati.com,Male,182.182.90.152
734,Rice,Laight,rlaightkd@skyrock.com,Male,139.128.226.47
735,Christiano,Haseman,chasemanke@tumblr.com,Male,184.234.228.153
736,Ephrem,Chillistone,echillistonekf@jigsy.com,Male,50.212.204.25
737,Teresita,Pattinson,tpattinsonkg@goodreads.com,Female,151.218.170.170
738,Fiann,Roake,froakekh@soundcloud.com,Female,161.80.31.47
739,Dorey,Mattaus,dmattauski@redcross.org,Female,68.241.82.222
740,Papagena,Maddick,pmaddickkj@huffingtonpost.com,Female,85.188.251.6
741,Padraig,Benditt,pbendittkk@arstechnica.com,Male,65.250.115.40
742,Lani,Edgell,ledgellkl@bigcartel.com,Female,6.45.147.138
743,Sibilla,Michele,smichelekm@dedecms.com,Female,179.166.120.54
744,Rubia,Carty,rcartykn@jimdo.com,Female,74.64.127.114
745,Rea,Landsman,rlandsmanko@livejournal.com,Female,229.23.210.161
746,Alastair,Bill,abillkp@omniture.com,Male,80.232.200.41
747,Launce,Joriot,ljoriotkq@huffingtonpost.com,Male,134.183.74.240
748,Felecia,Breslin,fbreslinkr@flickr.com,Female,9.142.194.9
749,Phedra,Thandi,pthandiks@unicef.org,Female,228.31.135.253
750,Rolland,Mickleburgh,rmickleburghkt@amazon.de,Male,167.17.167.139
751,Johann,Bettleson,jbettlesonku@histats.com,Genderfluid,0.183.214.33
752,Maura,Balasini,mbalasinikv@howstuffworks.com,Female,160.112.179.93
753,Alf,Buck,abuckkw@howstuffworks.com,Male,151.225.187.209
754,Romola,Adamczewski,radamczewskikx@guardian.co.uk,Female,216.25.241.255
755,Candie,Dorney,cdorneyky@illinois.edu,Female,167.16.63.23
756,Hamel,Primak,hprimakkz@timesonline.co.uk,Male,203.178.207.187
757,Betteann,Claiton,bclaitonl0@ycombinator.com,Female,1.130.75.49
758,Noby,Consadine,nconsadinel1@naver.com,Male,156.192.186.231
759,Glad,Morphey,gmorpheyl2@mysql.com,Female,75.39.234.39
760,Brion,Warfield,bwarfieldl3@google.it,Agender,139.23.17.59
761,Risa,Chiddy,rchiddyl4@geocities.jp,Female,51.52.103.205
762,Eleonore,Garratt,egarrattl5@list-manage.com,Female,230.85.37.20
763,Shadow,Stratton,sstrattonl6@ehow.com,Male,216.163.229.177
764,Eddi,Allardyce,eallardycel7@bloomberg.com,Female,94.94.161.2
765,Kennan,Whatman,kwhatmanl8@artisteer.com,Male,186.195.5.174
766,Delilah,Andrini,dandrinil9@fastcompany.com,Female,86.14.23.120
767,Natalya,Claeskens,nclaeskensla@psu.edu,Female,93.153.209.160
768,Izak,Cheverell,icheverelllb@elegantthemes.com,Male,26.18.135.56
769,Jehu,Iskowicz,jiskowiczlc@vk.com,Male,183.5.48.189
770,Anton,Giorgiutti,agiorgiuttild@blog.com,Male,171.204.24.211
771,Mildred,Drillingcourt,mdrillingcourtle@sakura.ne.jp,Female,165.125.101.121
772,Jonas,Marklund,jmarklundlf@fc2.com,Polygender,180.12.112.103
773,Tripp,Lemery,tlemerylg@ox.ac.uk,Male,20.137.82.53
774,Godfrey,Belhomme,gbelhommelh@wiley.com,Male,126.118.84.45
775,Ardella,Francillo,afrancilloli@about.me,Female,63.184.106.135
776,Kyle,Iskow,kiskowlj@1und1.de,Female,148.177.63.63
777,Gorden,Harmston,gharmstonlk@homestead.com,Male,115.249.27.193
778,Rhona,Gavaghan,rgavaghanll@bravesites.com,Female,160.226.122.132
779,Dov,Mityushin,dmityushinlm@virginia.edu,Non-binary,103.193.105.58
780,Drucie,Dur,ddurln@merriam-webster.com,Female,221.230.124.185
781,Patsy,Savile,psavilelo@topsy.com,Female,122.4.212.108
782,Betty,Aaronsohn,baaronsohnlp@biglobe.ne.jp,Female,29.86.237.248
783,Lindy,Acreman,lacremanlq@hao123.com,Female,185.1.108.82
784,Osmond,Clutten,ocluttenlr@sourceforge.net,Male,177.160.67.73
785,Petronia,Jilkes,pjilkesls@ed.gov,Female,243.94.78.56
786,Ezequiel,Tiner,etinerlt@wisc.edu,Male,17.214.106.6
787,Brok,Scamal,bscamallu@google.ru,Male,199.61.171.234
788,Ina,Esslemont,iesslemontlv@google.pl,Female,253.140.31.81
789,Marysa,Watkiss,mwatkisslw@comcast.net,Female,104.124.37.105
790,Karoline,Eveque,kevequelx@1688.com,Female,254.177.60.125
791,Flemming,Lethley,flethleyly@digg.com,Male,132.190.50.5
792,Pearline,Robarts,probartslz@phoca.cz,Female,78.175.11.65
793,Tate,Woodwind,twoodwindm0@surveymonkey.com,Male,100.123.200.162
794,Edsel,Talloe,etalloem1@usa.gov,Male,20.17.139.253
795,Clo,Chansonne,cchansonnem2@shop-pro.jp,Female,123.186.124.85
796,Jacquie,Petersen,jpetersenm3@artisteer.com,Female,252.96.30.165
797,Rasla,Texton,rtextonm4@umn.edu,Female,147.253.67.196
798,Nevsa,Blundon,nblundonm5@hostgator.com,Female,92.137.78.120
799,Natalie,Ikin,nikinm6@moonfruit.com,Female,244.226.242.43
800,Marcellus,Ferby,mferbym7@weather.com,Male,252.110.69.223
801,Evelina,Linde,elindem8@yandex.ru,Female,41.125.157.115
802,Quintana,Lamyman,qlamymanm9@cnbc.com,Genderqueer,244.244.158.251
803,Gram,Kingswold,gkingswoldma@admin.ch,Male,63.56.60.108
804,Lolly,Sorro,lsorromb@weibo.com,Female,27.217.193.97
805,Barbabra,Sells,bsellsmc@twitpic.com,Female,174.96.139.20
806,Thomasine,Guitte,tguittemd@cisco.com,Genderqueer,132.108.224.49
807,Kirsteni,Alpine,kalpineme@patch.com,Female,140.118.5.92
808,Mitchael,Clemas,mclemasmf@sphinn.com,Male,110.149.51.143
809,Kalil,Abyss,kabyssmg@so-net.ne.jp,Male,124.247.23.16
810,Warren,Robb,wrobbmh@drupal.org,Male,253.32.229.121
811,Alvan,Conniam,aconniammi@cocolog-nifty.com,Male,25.102.182.146
812,Aaren,Jacketts,ajackettsmj@home.pl,Female,212.73.210.75
813,Horton,Slayford,hslayfordmk@nps.gov,Male,168.90.60.65
814,Meridel,Trusdale,mtrusdaleml@clickbank.net,Female,35.220.72.26
815,Roseann,Sarvar,rsarvarmm@is.gd,Female,71.233.158.51
816,Camey,Salmoni,csalmonimn@hud.gov,Male,72.84.158.252
817,Jeniffer,Benardeau,jbenardeaumo@weebly.com,Female,23.204.28.107
818,Jewelle,Lennarde,jlennardemp@squarespace.com,Female,253.188.79.218
819,Gael,Kosiada,gkosiadamq@dagondesign.com,Male,177.40.151.203
820,Homere,Joicey,hjoiceymr@nyu.edu,Male,97.17.9.250
821,Henderson,Zoren,hzorenms@yellowpages.com,Male,97.212.226.199
822,Odella,Geertsen,ogeertsenmt@github.io,Female,25.224.11.13
823,Siana,Gyngyll,sgyngyllmu@naver.com,Female,202.75.191.20
824,Freedman,Easdon,feasdonmv@theguardian.com,Male,8.27.77.80
825,Leoline,Yeatman,lyeatmanmw@nymag.com,Female,245.179.179.154
826,Amory,Pressman,apressmanmx@cbsnews.com,Male,66.119.190.18
827,Hermann,Meachem,hmeachemmy@washington.edu,Male,44.86.15.181
828,Hanson,Bellsham,hbellshammz@miitbeian.gov.cn,Male,20.114.88.182
829,Brade,Kingzett,bkingzettn0@state.gov,Male,39.225.172.121
830,Devonna,MacMaykin,dmacmaykinn1@xrea.com,Female,155.191.191.214
831,Orville,Walder,owaldern2@com.com,Male,19.244.2.112
832,Nehemiah,Rawlin,nrawlinn3@blogspot.com,Male,180.35.103.126
833,Jo,Grumbridge,jgrumbridgen4@nydailynews.com,Male,179.3.255.91
834,Aubrette,Heazel,aheazeln5@amazon.de,Female,11.48.26.28
835,Brannon,Shee,bsheen6@squarespace.com,Male,113.230.15.245
836,Lindsey,Bracken,lbrackenn7@macromedia.com,Female,218.65.217.184
837,Claus,Brittin,cbrittinn8@statcounter.com,Male,134.118.71.231
838,Cross,Ingles,cinglesn9@google.com.hk,Male,199.99.132.220
839,Von,Deniske,vdeniskena@cornell.edu,Male,119.129.204.131
840,Thorstein,Heugle,theuglenb@live.com,Male,90.215.164.30
841,Sibella,Nicolls,snicollsnc@behance.net,Female,115.80.154.41
842,Christoffer,Heater,cheaternd@comcast.net,Male,246.222.69.95
843,Coleen,Nibloe,cnibloene@ning.com,Genderqueer,39.245.170.130
844,Carol-jean,Foreman,cforemannf@goodreads.com,Female,73.0.193.233
845,Tann,Martini,tmartining@usda.gov,Male,124.160.181.184
846,Symon,Greenland,sgreenlandnh@blog.com,Genderqueer,210.229.112.118
847,Curcio,Oldfield-Cherry,coldfieldcherryni@wufoo.com,Male,164.79.118.213
848,Jasmina,Kingswood,jkingswoodnj@oracle.com,Female,158.244.184.131
849,Gusella,Crossthwaite,gcrossthwaitenk@accuweather.com,Female,0.50.57.43
850,Augusta,Galiford,agalifordnl@bandcamp.com,Female,148.88.127.153
851,Trent,But,tbutnm@nature.com,Bigender,234.32.193.136
852,Maryanne,Newens,mnewensnn@theguardian.com,Female,136.253.69.110
853,Charleen,Cescoti,ccescotino@umich.edu,Female,179.15.32.237
854,Von,Akaster,vakasternp@scientificamerican.com,Non-binary,48.150.66.99
855,Rice,Neiland,rneilandnq@naver.com,Male,183.159.219.204
856,Jewell,Dimond,jdimondnr@nba.com,Female,109.36.248.220
857,Dillie,Kearle,dkearlens@rakuten.co.jp,Polygender,206.22.52.145
858,Tiffie,Izaks,tizaksnt@shop-pro.jp,Female,206.86.181.193
859,Guglielma,Callaby,gcallabynu@ucoz.ru,Polygender,216.149.35.19
860,Minnaminnie,Proom,mproomnv@dropbox.com,Female,93.209.254.227
861,Consuela,Brane,cbranenw@spotify.com,Female,129.171.248.170
862,Anatol,Drinkel,adrinkelnx@lycos.com,Male,47.102.74.162
863,Kermit,Gazey,kgazeyny@sohu.com,Male,152.178.23.41
864,Joshia,Bence,jbencenz@usda.gov,Agender,144.162.213.221
865,Nataniel,Pietesch,npietescho0@github.com,Polygender,140.46.10.170
866,Clint,Clough,cclougho1@addthis.com,Male,14.28.49.250
867,Giustino,Dinkin,gdinkino2@squarespace.com,Male,237.15.30.40
868,Donal,Roddam,droddamo3@sourceforge.net,Male,19.207.249.240
869,Giselbert,Reffe,greffeo4@mashable.com,Male,215.12.187.49
870,Gayleen,Braddon,gbraddono5@cbslocal.com,Female,254.30.26.245
871,Hynda,Buckerfield,hbuckerfieldo6@vistaprint.com,Female,72.217.130.164
872,Kelsy,Dibben,kdibbeno7@baidu.com,Female,158.4.167.192
873,Kriste,Parcells,kparcellso8@godaddy.com,Female,104.49.41.170
874,Kendre,Sodeau,ksodeauo9@cnbc.com,Female,87.249.137.113
875,Job,Comello,jcomellooa@webmd.com,Male,90.147.82.156
876,Britney,Cabrera,bcabreraob@ask.com,Female,123.110.109.119
877,Merill,Alexsandrowicz,malexsandrowiczoc@independent.co.uk,Male,97.125.225.235
878,Berty,Tomasek,btomasekod@reuters.com,Male,51.146.229.55
879,Kerwinn,Mirfin,kmirfinoe@opensource.org,Male,162.103.155.21
880,Holly,L' Estrange,hlestrangeof@geocities.jp,Female,217.246.43.67
881,Mohandas,Arzu,marzuog@dion.ne.jp,Male,122.222.82.202
882,Leelah,Rennison,lrennisonoh@sun.com,Female,28.215.57.18
883,Britte,Hardin,bhardinoi@harvard.edu,Female,5.52.125.74
884,Zedekiah,Echlin,zechlinoj@cargocollective.com,Male,51.167.180.52
885,Hyatt,Malzard,hmalzardok@nps.gov,Male,55.201.132.242
886,Hans,Sertin,hsertinol@telegraph.co.uk,Genderqueer,217.198.107.40
887,Cele,McMurty,cmcmurtyom@twitter.com,Female,160.60.190.224
888,Margy,Stokes,mstokeson@vinaora.com,Female,117.60.213.43
889,Henri,Tolman,htolmanoo@china.com.cn,Male,31.182.47.211
890,Sayre,Malecky,smaleckyop@yale.edu,Female,143.219.151.91
891,Hagan,Franks,hfranksoq@shutterfly.com,Male,242.213.53.102
892,Willetta,Lightollers,wlightollersor@google.co.jp,Genderqueer,128.85.218.58
893,Kira,Gooddie,kgooddieos@hc360.com,Genderfluid,62.142.98.152
894,Geneva,Travis,gtravisot@globo.com,Female,170.217.34.227
895,Glyn,Maccari,gmaccariou@stanford.edu,Male,20.96.213.45
896,Adelaide,Pattlel,apattlelov@uiuc.edu,Female,214.209.197.213
897,Monty,Dreier,mdreierow@theatlantic.com,Male,218.138.109.150
898,Kassandra,Insko,kinskoox@desdev.cn,Female,102.7.187.6
899,Thadeus,Rissom,trissomoy@tripod.com,Male,199.32.145.103
900,Nessy,Felderer,nfeldereroz@trellian.com,Female,7.231.195.50
901,Drusi,Dayne,ddaynep0@weebly.com,Female,196.100.159.86
902,Rudolfo,McLaine,rmclainep1@toplist.cz,Male,59.158.183.38
903,Cy,Palethorpe,cpalethorpep2@fda.gov,Male,43.3.224.26
904,Cesya,Coyne,ccoynep3@guardian.co.uk,Female,205.232.32.136
905,Sue,Akroyd,sakroydp4@diigo.com,Female,46.46.222.86
906,Connie,Bidmead,cbidmeadp5@salon.com,Female,45.36.132.111
907,Honor,Sinney,hsinneyp6@marketwatch.com,Non-binary,217.18.236.220
908,Wainwright,Archanbault,warchanbaultp7@blogs.com,Male,35.28.130.215
909,Dulsea,Corkett,dcorkettp8@yellowpages.com,Female,139.243.185.37
910,Jessamyn,Gutierrez,jgutierrezp9@usgs.gov,Female,161.42.188.164
911,Marielle,Killough,mkilloughpa@google.com.br,Female,42.21.198.73
912,Kristel,Halliburton,khalliburtonpb@livejournal.com,Female,96.16.142.107
913,Milton,Skilton,mskiltonpc@shutterfly.com,Male,22.57.173.215
914,Roselin,Smewin,rsmewinpd@vimeo.com,Female,86.103.242.122
915,Audrye,Chadband,achadbandpe@latimes.com,Female,106.85.66.215
916,Elvin,Taylot,etaylotpf@ibm.com,Male,166.94.101.125
917,Ezmeralda,Beeby,ebeebypg@skype.com,Female,74.77.174.236
918,Fabien,Stolze,fstolzeph@homestead.com,Male,20.17.213.136
919,Trstram,McChruiter,tmcchruiterpi@theguardian.com,Male,221.108.37.110
920,Osmond,Fratczak,ofratczakpj@php.net,Male,12.247.232.154
921,Aline,Harteley,aharteleypk@about.com,Female,56.62.67.5
922,Teodoro,Breach,tbreachpl@unicef.org,Male,240.240.70.136
923,Ramonda,Tours,rtourspm@usa.gov,Female,1.50.136.79
924,Sallie,Cahillane,scahillanepn@vistaprint.com,Female,36.146.27.40
925,Burty,Trott,btrottpo@cafepress.com,Male,184.147.154.31
926,Sophi,Garroway,sgarrowaypp@twitpic.com,Female,215.230.120.148
927,Bailie,Libbis,blibbispq@accuweather.com,Genderqueer,91.222.223.21
928,Rance,Dury,rdurypr@paypal.com,Male,80.239.188.84
929,Caz,Pattullo,cpattullops@weebly.com,Male,239.55.76.124
930,Danie,Fidgeon,dfidgeonpt@comsenz.com,Male,18.62.193.84
931,Charlean,Scrowton,cscrowtonpu@washingtonpost.com,Female,255.116.40.147
932,Thaddeus,Beauchamp,tbeauchamppv@ustream.tv,Male,8.213.251.147
933,Aloysia,Kleyn,akleynpw@marketwatch.com,Female,220.41.5.199
934,Ailene,Leverette,aleverettepx@gravatar.com,Female,248.79.173.3
935,Kaiser,Flahive,kflahivepy@umich.edu,Male,192.146.239.250
936,Roch,Banaszewski,rbanaszewskipz@goo.ne.jp,Female,214.234.159.214
937,Hillard,Massel,hmasselq0@cbc.ca,Non-binary,105.78.13.95
938,Morena,Bennedick,mbennedickq1@mtv.com,Female,155.129.66.90
939,Stefa,Lord,slordq2@mlb.com,Female,203.211.131.54
940,Angeline,Lamb-shine,alambshineq3@stumbleupon.com,Female,127.106.57.147
941,Gilbertine,Brunelli,gbrunelliq4@fastcompany.com,Female,204.137.128.167
942,Calla,Le Clercq,cleclercqq5@sbwire.com,Female,122.236.164.47
943,Yardley,Kalb,ykalbq6@mapquest.com,Male,10.67.51.174
944,Nerta,Oakenford,noakenfordq7@macromedia.com,Female,161.181.195.14
945,Eleanore,Clarson,eclarsonq8@mac.com,Female,217.41.88.95
946,Gussi,Faunch,gfaunchq9@dmoz.org,Agender,154.226.58.16
947,Patric,Treasaden,ptreasadenqa@godaddy.com,Male,8.118.2.243
948,Janela,Rapper,jrapperqb@multiply.com,Female,2.137.34.120
949,Katy,McKeaney,kmckeaneyqc@weibo.com,Female,121.234.214.4
950,Lorain,Yurenin,lyureninqd@amazon.com,Female,188.96.21.35
951,Barrie,Lamden,blamdenqe@github.com,Male,200.181.64.104
952,Stinky,Aslin,saslinqf@123-reg.co.uk,Male,104.69.114.254
953,Marco,Durning,mdurningqg@addtoany.com,Male,158.239.9.197
954,Hercules,Heninghem,hheninghemqh@nbcnews.com,Male,12.88.245.176
955,Mallory,Rosenhaupt,mrosenhauptqi@cnet.com,Male,202.229.86.174
956,Carlita,Andraud,candraudqj@digg.com,Female,80.159.179.145
957,Kenon,Sellick,ksellickqk@netlog.com,Male,189.46.31.116
958,Torrin,Rudall,trudallql@guardian.co.uk,Non-binary,111.99.116.166
959,Denice,Gemeau,dgemeauqm@craigslist.org,Female,236.143.31.166
960,Gerrard,Hanigan,ghaniganqn@smh.com.au,Male,246.139.145.70
961,Nicola,Strognell,nstrognellqo@xinhuanet.com,Female,2.114.247.224
962,Leona,Piddocke,lpiddockeqp@themeforest.net,Female,82.243.45.154
963,Eleen,Lordon,elordonqq@goodreads.com,Female,216.83.33.128
964,Kaylee,Yashnov,kyashnovqr@dyndns.org,Female,145.201.81.243
965,Petr,Valti,pvaltiqs@washingtonpost.com,Male,12.232.158.175
966,Pyotr,Ummfrey,pummfreyqt@redcross.org,Male,178.47.111.253
967,Roarke,Caselick,rcaselickqu@comsenz.com,Male,76.91.34.54
968,Gothart,Jelfs,gjelfsqv@cdbaby.com,Male,29.11.157.155
969,Valida,Gorges,vgorgesqw@networksolutions.com,Female,14.150.160.186
970,Web,Methringham,wmethringhamqx@discuz.net,Male,38.38.147.202
971,Blakelee,London,blondonqy@gov.uk,Female,29.252.108.7
972,Edgardo,Potticary,epotticaryqz@timesonline.co.uk,Male,6.75.112.77
973,Prentiss,Cheley,pcheleyr0@barnesandnoble.com,Male,140.4.233.252
974,Obadiah,Jenckes,ojenckesr1@infoseek.co.jp,Male,8.124.155.67
975,Kent,Franschini,kfranschinir2@yolasite.com,Male,149.123.39.45
976,Terrijo,Redsull,tredsullr3@linkedin.com,Female,63.62.130.190
977,Mignon,Guare,mguarer4@tripod.com,Female,12.152.202.131
978,Eddie,Perrie,eperrier5@rediff.com,Female,105.12.228.21
979,Rockey,Smithies,rsmithiesr6@gov.uk,Male,50.210.55.46
980,Mordy,Walkey,mwalkeyr7@bluehost.com,Male,146.179.193.50
981,Alex,Calven,acalvenr8@google.com.hk,Male,161.90.18.75
982,Jared,Sevior,jseviorr9@list-manage.com,Genderqueer,46.226.249.81
983,Gerri,Pinney,gpinneyra@de.vu,Male,23.244.58.8
984,Sybil,Counter,scounterrb@vkontakte.ru,Female,6.137.70.2
985,Towney,Dudman,tdudmanrc@cargocollective.com,Male,112.155.149.57
986,Stella,Bezants,sbezantsrd@xrea.com,Female,0.201.85.31
987,Enriqueta,Dennick,edennickre@youtu.be,Female,100.22.134.129
988,Doralynn,Bansal,dbansalrf@jigsy.com,Non-binary,195.254.140.200
989,Virgie,Bielfelt,vbielfeltrg@example.com,Male,234.155.172.53
990,Ilka,Brahms,ibrahmsrh@ifeng.com,Female,20.120.2.237
991,Adair,De la Perrelle,adelaperrelleri@biblegateway.com,Male,224.82.38.191
992,Rudiger,Kennard,rkennardrj@gov.uk,Genderqueer,58.215.203.84
993,Lise,Gell,lgellrk@msu.edu,Female,106.87.19.168
994,Zerk,Buckberry,zbuckberryrl@google.com.au,Male,132.14.241.139
995,Tripp,Grishanin,tgrishaninrm@jigsy.com,Male,103.219.42.5
996,Gris,Malster,gmalsterrn@wikispaces.com,Male,184.214.213.193
997,Emyle,Wanek,ewanekro@domainmarket.com,Female,40.83.149.168
998,Adora,Gillean,agilleanrp@yale.edu,Genderqueer,84.74.206.176
999,Rhett,Pollicote,rpollicoterq@bloglovin.com,Male,227.12.203.215
1000,Tedd,Pollendine,tpollendinerr@boston.com,Male,40.150.188.114
